period,"total pensions, pre-2016, cost","total net pensions, pre-2016","total pensions, post-2016, cost","total net pensions, post-2016",total retirement benefits pre-2016,total survivors pensions pre-2016,total retirement benefits post-2016,total survivors pensions post-2016,"total universal pensions, cost",total net universal pensions," total thirteenth month of pension pre-2016, cost",total net thirteenth month of pension pre-2016," total thirteenth month of pension post-2016, cost",total net thirteenth month of pension post-2016," total thirteenth month of universal pension, cost",total net thirteenth month of universal pension
47,15732275.901779454,15115110.870821448,15778811.137083214,15158853.989653891,13210600.49002454,1904510.380796906,13254343.898680715,1904510.090973174,0.0,0.0,0.0,0.0,0.0,0.0,0.0,0.0
period,"total pensions, pre-2016, cost","total net pensions, pre-2016","total pensions, post-2016, cost","total net pensions, post-2016",total retirement benefits pre-2016,total survivors pensions pre-2016,total retirement benefits post-2016,total survivors pensions post-2016,"total universal pensions, cost",total net universal pensions," total thirteenth month of pension pre-2016, cost",total net thirteenth month of pension pre-2016," total thirteenth month of pension post-2016, cost",total net thirteenth month of pension post-2016," total thirteenth month of universal pension, cost",total net thirteenth month of universal pension
48,18224750.955786735,17509395.2946767,18280507.255456794,17561806.213665232,15300004.63822867,2209390.6564480336,15352415.930418557,2209390.2832466764,0.0,0.0,3039373.461214305,2868321.0104002445,3048666.177347023,2877056.1631004103,0.0,0.0
period,"total pensions, pre-2016, cost","total net pensions, pre-2016","total pensions, post-2016, cost","total net pensions, post-2016",total retirement benefits pre-2016,total survivors pensions pre-2016,total retirement benefits post-2016,total survivors pensions post-2016,"total universal pensions, cost",total net universal pensions," total thirteenth month of pension pre-2016, cost",total net thirteenth month of pension pre-2016," total thirteenth month of pension post-2016, cost",total net thirteenth month of pension post-2016," total thirteenth month of universal pension, cost",total net thirteenth month of universal pension
49,17755504.592173744,17057262.070437606,17814597.90948164,17112809.785520494,14842899.982318394,2214362.0881192144,14898448.11778332,2214361.667737169,0.0,0.0,0.0,0.0,0.0,0.0,0.0,0.0
period,"total pensions, pre-2016, cost","total net pensions, pre-2016","total pensions, post-2016, cost","total net pensions, post-2016",total retirement benefits pre-2016,total survivors pensions pre-2016,total retirement benefits post-2016,total survivors pensions post-2016,"total universal pensions, cost",total net universal pensions," total thirteenth month of pension pre-2016, cost",total net thirteenth month of pension pre-2016," total thirteenth month of pension post-2016, cost",total net thirteenth month of pension post-2016," total thirteenth month of universal pension, cost",total net thirteenth month of universal pension
50,20442389.20617253,19637402.43385681,20511895.625490222,19702738.46379882,16983500.103833392,2653902.330023419,17048836.790642187,2653901.6731566386,0.0,0.0,3408771.029109562,3217812.0918619027,3420355.431581549,3228701.4294603714,0.0,0.0
period,"total pensions, pre-2016, cost","total net pensions, pre-2016","total pensions, post-2016, cost","total net pensions, post-2016",total retirement benefits pre-2016,total survivors pensions pre-2016,total retirement benefits post-2016,total survivors pensions post-2016,"total universal pensions, cost",total net universal pensions," total thirteenth month of pension pre-2016, cost",total net thirteenth month of pension pre-2016," total thirteenth month of pension post-2016, cost",total net thirteenth month of pension post-2016," total thirteenth month of universal pension, cost",total net thirteenth month of universal pension
51,19869829.93272118,19086887.034620672,19937879.12750876,19150853.270898987,16415382.237062175,2671504.797558499,16479349.470884606,2671503.800014384,0.0,0.0,0.0,0.0,0.0,0.0,0.0,0.0
period,"total pensions, pre-2016, cost","total net pensions, pre-2016","total pensions, post-2016, cost","total net pensions, post-2016",total retirement benefits pre-2016,total survivors pensions pre-2016,total retirement benefits post-2016,total survivors pensions post-2016,"total universal pensions, cost",total net universal pensions," total thirteenth month of pension pre-2016, cost",total net thirteenth month of pension pre-2016," total thirteenth month of pension post-2016, cost",total net thirteenth month of pension post-2016," total thirteenth month of universal pension, cost",total net thirteenth month of universal pension
52,21521321.561691515,20671711.48726945,21596688.416543487,20742556.32153666,17695280.656759605,2976430.8305098494,17766126.767264377,2976429.5542722787,0.0,0.0,3588253.244901176,3387998.9137378046,3600814.3857286936,3399806.3845172958,0.0,0.0
period,"total pensions, pre-2016, cost","total net pensions, pre-2016","total pensions, post-2016, cost","total net pensions, post-2016",total retirement benefits pre-2016,total survivors pensions pre-2016,total retirement benefits post-2016,total survivors pensions post-2016,"total universal pensions, cost",total net universal pensions," total thirteenth month of pension pre-2016, cost",total net thirteenth month of pension pre-2016," total thirteenth month of pension post-2016, cost",total net thirteenth month of pension post-2016," total thirteenth month of universal pension, cost",total net thirteenth month of universal pension
53,18853557.299265474,18111719.855752915,18923318.188296393,18177295.08242878,15478608.23948307,2633111.616269844,15544184.682311928,2633110.4001168497,0.0,0.0,0.0,0.0,0.0,0.0,0.0,0.0
period,"total pensions, pre-2016, cost","total net pensions, pre-2016","total pensions, post-2016, cost","total net pensions, post-2016",total retirement benefits pre-2016,total survivors pensions pre-2016,total retirement benefits post-2016,total survivors pensions post-2016,"total universal pensions, cost",total net universal pensions," total thirteenth month of pension pre-2016, cost",total net thirteenth month of pension pre-2016," total thirteenth month of pension post-2016, cost",total net thirteenth month of pension post-2016," total thirteenth month of universal pension, cost",total net thirteenth month of universal pension
54,19420307.373047803,18654119.940103468,19493097.76037251,18722542.893592007,15862749.559015969,2791370.3810875,15931173.884982545,2791369.008609458,0.0,0.0,3238563.048569233,3058729.1185516613,3250694.777911171,3070132.9423858062,0.0,0.0
period,"total pensions, pre-2016, cost","total net pensions, pre-2016","total pensions, post-2016, cost","total net pensions, post-2016",total retirement benefits pre-2016,total survivors pensions pre-2016,total retirement benefits post-2016,total survivors pensions post-2016,"total universal pensions, cost",total net universal pensions," total thirteenth month of pension pre-2016, cost",total net thirteenth month of pension pre-2016," total thirteenth month of pension post-2016, cost",total net thirteenth month of pension post-2016," total thirteenth month of universal pension, cost",total net thirteenth month of universal pension
55,18456860.260408256,17728029.521798614,18525851.553284638,17792881.327023655,15018866.135618795,2709163.3861798183,15083719.240306474,2709162.086717179,0.0,0.0,0.0,0.0,0.0,0.0,0.0,0.0
period,"total pensions, pre-2016, cost","total net pensions, pre-2016","total pensions, post-2016, cost","total net pensions, post-2016",total retirement benefits pre-2016,total survivors pensions pre-2016,total retirement benefits post-2016,total survivors pensions post-2016,"total universal pensions, cost",total net universal pensions," total thirteenth month of pension pre-2016, cost",total net thirteenth month of pension pre-2016," total thirteenth month of pension post-2016, cost",total net thirteenth month of pension post-2016," total thirteenth month of universal pension, cost",total net thirteenth month of universal pension
56,20233485.322735578,19432412.362790585,20313225.004945192,19507367.65471164,16413522.773438714,3018889.589351871,16488479.405340014,3018888.249371633,26959.283920639424,26150.50540302024,3373684.248416343,3186914.4810122307,3386974.1937924176,3199407.028028665,4493.213986773238,4358.4175671700405
period,"total pensions, pre-2016, cost","total net pensions, pre-2016","total pensions, post-2016, cost","total net pensions, post-2016",total retirement benefits pre-2016,total survivors pensions pre-2016,total retirement benefits post-2016,total survivors pensions post-2016,"total universal pensions, cost",total net universal pensions," total thirteenth month of pension pre-2016, cost",total net thirteenth month of pension pre-2016," total thirteenth month of pension post-2016, cost",total net thirteenth month of pension post-2016," total thirteenth month of universal pension, cost",total net thirteenth month of universal pension
57,19409381.32318949,18639544.95797768,19486065.595034912,18711628.16479031,15640514.786346748,2999030.171630932,15712599.232966147,2999028.9318241607,57980.074875838814,56240.672629563654,0.0,0.0,0.0,0.0,0.0,0.0
period,"total pensions, pre-2016, cost","total net pensions, pre-2016","total pensions, post-2016, cost","total net pensions, post-2016",total retirement benefits pre-2016,total survivors pensions pre-2016,total retirement benefits post-2016,total survivors pensions post-2016,"total universal pensions, cost",total net universal pensions," total thirteenth month of pension pre-2016, cost",total net thirteenth month of pension pre-2016," total thirteenth month of pension post-2016, cost",total net thirteenth month of pension post-2016," total thirteenth month of universal pension, cost",total net thirteenth month of universal pension
58,20815437.912607394,19986158.93683879,20899933.46773954,20065584.74981358,16629618.87566321,3356540.061175581,16709045.896252837,3356538.853560748,90309.37187803016,87600.09072168922,3470119.4748535403,3278565.2866531494,3484202.0658065174,3291802.9205986816,15051.561979671691,14600.015120281536
period,"total pensions, pre-2016, cost","total net pensions, pre-2016","total pensions, post-2016, cost","total net pensions, post-2016",total retirement benefits pre-2016,total survivors pensions pre-2016,total retirement benefits post-2016,total survivors pensions post-2016,"total universal pensions, cost",total net universal pensions," total thirteenth month of pension pre-2016, cost",total net thirteenth month of pension pre-2016," total thirteenth month of pension post-2016, cost",total net thirteenth month of pension post-2016," total thirteenth month of universal pension, cost",total net thirteenth month of universal pension
59,19975755.14207466,19180063.24898674,20058295.35733164,19257651.04254523,15950875.462763255,3229187.786223485,16028464.372734912,3229186.669810323,124610.75153166191,120872.42898571209,0.0,0.0,0.0,0.0,0.0,0.0
period,"total pensions, pre-2016, cost","total net pensions, pre-2016","total pensions, post-2016, cost","total net pensions, post-2016",total retirement benefits pre-2016,total survivors pensions pre-2016,total retirement benefits post-2016,total survivors pensions post-2016,"total universal pensions, cost",total net universal pensions," total thirteenth month of pension pre-2016, cost",total net thirteenth month of pension pre-2016," total thirteenth month of pension post-2016, cost",total net thirteenth month of pension post-2016," total thirteenth month of universal pension, cost",total net thirteenth month of universal pension
60,21686235.3584164,20821092.194111675,21775537.183638744,20905035.902124543,17233949.351378333,3587142.842733343,17317894.189865727,3587141.7122588158,175914.4656844092,170637.03171387693,3614828.1825337764,3416125.14417263,3629711.8187062703,3430115.760726949,29319.077614068203,28439.50528564615
period,"total pensions, pre-2016, cost","total net pensions, pre-2016","total pensions, post-2016, cost","total net pensions, post-2016",total retirement benefits pre-2016,total survivors pensions pre-2016,total retirement benefits post-2016,total survivors pensions post-2016,"total universal pensions, cost",total net universal pensions," total thirteenth month of pension pre-2016, cost",total net thirteenth month of pension pre-2016," total thirteenth month of pension post-2016, cost",total net thirteenth month of pension post-2016," total thirteenth month of universal pension, cost",total net thirteenth month of universal pension
61,20397318.731787983,19581181.636453804,20482017.30651517,19660798.28969079,16124793.31487742,3456388.321576386,16204410.909705333,3456387.3799854564,184580.41551158737,179043.00304623973,0.0,0.0,0.0,0.0,0.0,0.0
period,"total pensions, pre-2016, cost","total net pensions, pre-2016","total pensions, post-2016, cost","total net pensions, post-2016",total retirement benefits pre-2016,total survivors pensions pre-2016,total retirement benefits post-2016,total survivors pensions post-2016,"total universal pensions, cost",total net universal pensions," total thirteenth month of pension pre-2016, cost",total net thirteenth month of pension pre-2016," total thirteenth month of pension post-2016, cost",total net thirteenth month of pension post-2016," total thirteenth month of universal pension, cost",total net thirteenth month of universal pension
62,20221432.32995007,19411600.37107582,20307797.254190728,19492783.39418707,15935315.945474455,3476284.425601369,16016499.81072309,3476283.583463975,207484.2424852356,201259.71521067852,3370075.692623184,3185363.683156308,3384469.845657093,3198894.185944699,34580.70708087261,33543.28586844642
period,"total pensions, pre-2016, cost","total net pensions, pre-2016","total pensions, post-2016, cost","total net pensions, post-2016",total retirement benefits pre-2016,total survivors pensions pre-2016,total retirement benefits post-2016,total survivors pensions post-2016,"total universal pensions, cost",total net universal pensions," total thirteenth month of pension pre-2016, cost",total net thirteenth month of pension pre-2016," total thirteenth month of pension post-2016, cost",total net thirteenth month of pension post-2016," total thirteenth month of universal pension, cost",total net thirteenth month of universal pension
63,20134966.263587292,19327127.131255593,20221071.687600173,19408066.225235622,15804336.865631228,3522790.2656243653,15885276.695349516,3522789.529886108,239659.11377074866,232469.3403576262,0.0,0.0,0.0,0.0,0.0,0.0
period,"total pensions, pre-2016, cost","total net pensions, pre-2016","total pensions, post-2016, cost","total net pensions, post-2016",total retirement benefits pre-2016,total survivors pensions pre-2016,total retirement benefits post-2016,total survivors pensions post-2016,"total universal pensions, cost",total net universal pensions," total thirteenth month of pension pre-2016, cost",total net thirteenth month of pension pre-2016," total thirteenth month of pension post-2016, cost",total net thirteenth month of pension post-2016," total thirteenth month of universal pension, cost",total net thirteenth month of universal pension
64,20476439.461988196,19651006.327202313,20565068.866838265,19734317.963319976,15987865.633073911,3663140.6941284,16071177.982912753,3663139.980407225,263976.5760024764,256057.2787224021,3411630.081195323,3224972.264306062,3426401.647882853,3238857.536223259,43996.096000412734,42676.21312040034
period,"total pensions, pre-2016, cost","total net pensions, pre-2016","total pensions, post-2016, cost","total net pensions, post-2016",total retirement benefits pre-2016,total survivors pensions pre-2016,total retirement benefits post-2016,total survivors pensions post-2016,"total universal pensions, cost",total net universal pensions," total thirteenth month of pension pre-2016, cost",total net thirteenth month of pension pre-2016," total thirteenth month of pension post-2016, cost",total net thirteenth month of pension post-2016," total thirteenth month of universal pension, cost",total net thirteenth month of universal pension
65,20681650.57875919,19846283.993743286,20773041.357086454,19932191.321530078,16122823.778887482,3723460.214855805,16208731.7733779,3723459.5481521804,272553.9515313842,264377.3329854426,0.0,0.0,0.0,0.0,0.0,0.0
period,"total pensions, pre-2016, cost","total net pensions, pre-2016","total pensions, post-2016, cost","total net pensions, post-2016",total retirement benefits pre-2016,total survivors pensions pre-2016,total retirement benefits post-2016,total survivors pensions post-2016,"total universal pensions, cost",total net universal pensions," total thirteenth month of pension pre-2016, cost",total net thirteenth month of pension pre-2016," total thirteenth month of pension post-2016, cost",total net thirteenth month of pension post-2016," total thirteenth month of universal pension, cost",total net thirteenth month of universal pension
66,20873080.601418335,20029225.501869787,20966453.761460155,20116996.268853918,16249642.671629502,3779582.8302402836,16337414.088075457,3779582.180778456,302513.70054027863,293438.2895240703,3477980.9973113416,3288336.271157813,3493543.1900390247,3302964.731721357,50418.95009004643,48906.38158734505
period,"total pensions, pre-2016, cost","total net pensions, pre-2016","total pensions, post-2016, cost","total net pensions, post-2016",total retirement benefits pre-2016,total survivors pensions pre-2016,total retirement benefits post-2016,total survivors pensions post-2016,"total universal pensions, cost",total net universal pensions," total thirteenth month of pension pre-2016, cost",total net thirteenth month of pension pre-2016," total thirteenth month of pension post-2016, cost",total net thirteenth month of pension post-2016," total thirteenth month of universal pension, cost",total net thirteenth month of universal pension
67,21065250.334702596,20212869.074124753,21160383.888550695,20302294.61135231,16399941.341493584,3812927.73263117,16489367.527069794,3812927.0842825146,355077.71353153844,344425.38212559215,0.0,0.0,0.0,0.0,0.0,0.0
period,"total pensions, pre-2016, cost","total net pensions, pre-2016","total pensions, post-2016, cost","total net pensions, post-2016",total retirement benefits pre-2016,total survivors pensions pre-2016,total retirement benefits post-2016,total survivors pensions post-2016,"total universal pensions, cost",total net universal pensions," total thirteenth month of pension pre-2016, cost",total net thirteenth month of pension pre-2016," total thirteenth month of pension post-2016, cost",total net thirteenth month of pension post-2016," total thirteenth month of universal pension, cost",total net thirteenth month of universal pension
68,21614494.35550598,20740221.683134332,21711535.282516833,20831440.151696574,16826529.576860182,3913692.1062741447,16917748.676616505,3913691.475080068,391067.5569862028,379335.53027661674,3601113.1537412344,3398053.936764306,3617286.641074966,3413257.0143653885,65177.92616436714,63222.58837943612
period,"total pensions, pre-2016, cost","total net pensions, pre-2016","total pensions, post-2016, cost","total net pensions, post-2016",total retirement benefits pre-2016,total survivors pensions pre-2016,total retirement benefits post-2016,total survivors pensions post-2016,"total universal pensions, cost",total net universal pensions," total thirteenth month of pension pre-2016, cost",total net thirteenth month of pension pre-2016," total thirteenth month of pension post-2016, cost",total net thirteenth month of pension post-2016," total thirteenth month of universal pension, cost",total net thirteenth month of universal pension
69,21760569.67543879,20877853.866213907,21860550.26375238,20971835.616458327,16863542.35619654,4014311.5100173624,16957524.73678184,4014310.8796764896,412512.28181931487,400136.91336473555,0.0,0.0,0.0,0.0,0.0,0.0
period,"total pensions, pre-2016, cost","total net pensions, pre-2016","total pensions, post-2016, cost","total net pensions, post-2016",total retirement benefits pre-2016,total survivors pensions pre-2016,total retirement benefits post-2016,total survivors pensions post-2016,"total universal pensions, cost",total net universal pensions," total thirteenth month of pension pre-2016, cost",total net thirteenth month of pension pre-2016," total thirteenth month of pension post-2016, cost",total net thirteenth month of pension post-2016," total thirteenth month of universal pension, cost",total net thirteenth month of universal pension
70,21901484.161301605,21011580.116825603,22002597.75128227,21106626.888640046,16923248.221118554,4088331.895707045,17018295.594427858,4088331.2942121928,459022.6480194054,445251.9685788232,3648714.4147783685,3442321.0198723883,3665566.6792844767,3458162.148025896,76503.77466990091,74208.66142980386
period,"total pensions, pre-2016, cost","total net pensions, pre-2016","total pensions, post-2016, cost","total net pensions, post-2016",total retirement benefits pre-2016,total survivors pensions pre-2016,total retirement benefits post-2016,total survivors pensions post-2016,"total universal pensions, cost",total net universal pensions," total thirteenth month of pension pre-2016, cost",total net thirteenth month of pension pre-2016," total thirteenth month of pension post-2016, cost",total net thirteenth month of pension post-2016," total thirteenth month of universal pension, cost",total net thirteenth month of universal pension
71,22022491.57481508,21125998.39325361,22126870.390099194,21224114.47683559,16944297.930277396,4181700.4629762103,17042414.61688388,4181699.859951711,516440.2123515475,500947.00598100113,0.0,0.0,0.0,0.0,0.0,0.0
period,"total pensions, pre-2016, cost","total net pensions, pre-2016","total pensions, post-2016, cost","total net pensions, post-2016",total retirement benefits pre-2016,total survivors pensions pre-2016,total retirement benefits post-2016,total survivors pensions post-2016,"total universal pensions, cost",total net universal pensions," total thirteenth month of pension pre-2016, cost",total net thirteenth month of pension pre-2016," total thirteenth month of pension post-2016, cost",total net thirteenth month of pension post-2016," total thirteenth month of universal pension, cost",total net thirteenth month of universal pension
72,22089393.127879076,21189202.861061905,22194592.96236233,21288090.7029649,16917842.84710436,4271360.013957551,17016731.284137532,4271359.418827366,571320.4631815327,554180.849286087,3679675.2587575326,3471072.733120039,3697208.564059482,3487554.0396656636,95220.07719692215,92363.47488101448
period,"total pensions, pre-2016, cost","total net pensions, pre-2016","total pensions, post-2016, cost","total net pensions, post-2016",total retirement benefits pre-2016,total survivors pensions pre-2016,total retirement benefits post-2016,total survivors pensions post-2016,"total universal pensions, cost",total net universal pensions," total thirteenth month of pension pre-2016, cost",total net thirteenth month of pension pre-2016," total thirteenth month of pension post-2016, cost",total net thirteenth month of pension post-2016," total thirteenth month of universal pension, cost",total net thirteenth month of universal pension
73,22181986.677846868,21277441.312794,22286914.703691464,21376073.65453043,16952326.604044497,4325114.708749499,17050959.54336679,4325114.111163639,624252.3460187733,605524.77563821,0.0,0.0,0.0,0.0,0.0,0.0
period,"total pensions, pre-2016, cost","total net pensions, pre-2016","total pensions, post-2016, cost","total net pensions, post-2016",total retirement benefits pre-2016,total survivors pensions pre-2016,total retirement benefits post-2016,total survivors pensions post-2016,"total universal pensions, cost",total net universal pensions," total thirteenth month of pension pre-2016, cost",total net thirteenth month of pension pre-2016," total thirteenth month of pension post-2016, cost",total net thirteenth month of pension post-2016," total thirteenth month of universal pension, cost",total net thirteenth month of universal pension
74,22266106.007028095,21356557.773417473,22372854.43328943,21456901.291867025,16971496.63392148,4385061.139495994,17071840.740528084,4385060.551338938,654969.334449218,635320.2544157413,3709094.738098932,3498332.331387941,3726886.1420793487,3515056.2507386254,109161.55574153633,105886.70906929024
period,"total pensions, pre-2016, cost","total net pensions, pre-2016","total pensions, post-2016, cost","total net pensions, post-2016",total retirement benefits pre-2016,total survivors pensions pre-2016,total retirement benefits post-2016,total survivors pensions post-2016,"total universal pensions, cost",total net universal pensions," total thirteenth month of pension pre-2016, cost",total net thirteenth month of pension pre-2016," total thirteenth month of pension post-2016, cost",total net thirteenth month of pension post-2016," total thirteenth month of universal pension, cost",total net thirteenth month of universal pension
75,22412079.497979693,21494703.830475412,22522453.19056311,21598455.099025857,17048363.719094884,4446340.111380529,17152115.584587034,4446339.514438821,680859.938155839,660434.1400111635,0.0,0.0,0.0,0.0,0.0,0.0
period,"total pensions, pre-2016, cost","total net pensions, pre-2016","total pensions, post-2016, cost","total net pensions, post-2016",total retirement benefits pre-2016,total survivors pensions pre-2016,total retirement benefits post-2016,total survivors pensions post-2016,"total universal pensions, cost",total net universal pensions," total thirteenth month of pension pre-2016, cost",total net thirteenth month of pension pre-2016," total thirteenth month of pension post-2016, cost",total net thirteenth month of pension post-2016," total thirteenth month of universal pension, cost",total net thirteenth month of universal pension
76,22618028.65311039,21690332.06811356,22731073.87813902,21796594.57714163,17136669.148976162,4553662.9191374,17242932.256587014,4553662.320554628,727553.0507475946,705726.4592251668,3767490.9047147795,3552662.707492397,3786331.7751098284,3570373.125227626,121258.84179126576,117621.07653752781
period,"total pensions, pre-2016, cost","total net pensions, pre-2016","total pensions, post-2016, cost","total net pensions, post-2016",total retirement benefits pre-2016,total survivors pensions pre-2016,total retirement benefits post-2016,total survivors pensions post-2016,"total universal pensions, cost",total net universal pensions," total thirteenth month of pension pre-2016, cost",total net thirteenth month of pension pre-2016," total thirteenth month of pension post-2016, cost",total net thirteenth month of pension post-2016," total thirteenth month of universal pension, cost",total net thirteenth month of universal pension
77,22753506.07119066,21818542.508668963,22867758.42405107,21925939.718219638,17167414.475969378,4651128.032699588,17274812.25210212,4651127.466117515,748671.2608712468,726211.1230451093,0.0,0.0,0.0,0.0,0.0,0.0
period,"total pensions, pre-2016, cost","total net pensions, pre-2016","total pensions, post-2016, cost","total net pensions, post-2016",total retirement benefits pre-2016,total survivors pensions pre-2016,total retirement benefits post-2016,total survivors pensions post-2016,"total universal pensions, cost",total net universal pensions," total thirteenth month of pension pre-2016, cost",total net thirteenth month of pension pre-2016," total thirteenth month of pension post-2016, cost",total net thirteenth month of pension post-2016," total thirteenth month of universal pension, cost",total net thirteenth month of universal pension
78,22808511.91908906,21870045.553624026,22921771.86444209,21976509.900085405,17162149.40160981,4707896.152014217,17268614.316629212,4707895.583456197,791905.1773040069,768148.0219848866,3799286.516451887,3582455.1329669952,3818163.1736258906,3600199.1903308923,131984.19621733448,128024.6703308144
period,"total pensions, pre-2016, cost","total net pensions, pre-2016","total pensions, post-2016, cost","total net pensions, post-2016",total retirement benefits pre-2016,total survivors pensions pre-2016,total retirement benefits post-2016,total survivors pensions post-2016,"total universal pensions, cost",total net universal pensions," total thirteenth month of pension pre-2016, cost",total net thirteenth month of pension pre-2016," total thirteenth month of pension post-2016, cost",total net thirteenth month of pension post-2016," total thirteenth month of universal pension, cost",total net thirteenth month of universal pension
79,22975066.389111713,22028698.159296982,23089931.236332778,22136671.113511298,17248297.951102536,4780400.20819445,17356271.474904563,4780399.638606734,827435.893392048,802612.8165902864,0.0,0.0,0.0,0.0,0.0,0.0
period,"total pensions, pre-2016, cost","total net pensions, pre-2016","total pensions, post-2016, cost","total net pensions, post-2016",total retirement benefits pre-2016,total survivors pensions pre-2016,total retirement benefits post-2016,total survivors pensions post-2016,"total universal pensions, cost",total net universal pensions," total thirteenth month of pension pre-2016, cost",total net thirteenth month of pension pre-2016," total thirteenth month of pension post-2016, cost",total net thirteenth month of pension post-2016," total thirteenth month of universal pension, cost",total net thirteenth month of universal pension
80,23047089.42453985,22096666.632195413,23161838.640431065,22204530.893313706,17262277.588737294,4834389.043458116,17370142.409675002,4834388.483638707,878023.3118902924,851682.6125335835,3838998.6462011216,3619818.6390917744,3858123.515193727,3637796.469332176,146337.21864838206,141947.10208893058
period,"total pensions, pre-2016, cost","total net pensions, pre-2016","total pensions, post-2016, cost","total net pensions, post-2016",total retirement benefits pre-2016,total survivors pensions pre-2016,total retirement benefits post-2016,total survivors pensions post-2016,"total universal pensions, cost",total net universal pensions," total thirteenth month of pension pre-2016, cost",total net thirteenth month of pension pre-2016," total thirteenth month of pension post-2016, cost",total net thirteenth month of pension post-2016," total thirteenth month of universal pension, cost",total net thirteenth month of universal pension
81,23136242.467947174,22180730.14318124,23251739.689792015,22289297.62955671,17251469.1808057,4929260.962375542,17360037.225931015,4929260.403625703,917484.6047761189,889960.0666328353,0.0,0.0,0.0,0.0,0.0,0.0
period,"total pensions, pre-2016, cost","total net pensions, pre-2016","total pensions, post-2016, cost","total net pensions, post-2016",total retirement benefits pre-2016,total survivors pensions pre-2016,total retirement benefits post-2016,total survivors pensions post-2016,"total universal pensions, cost",total net universal pensions," total thirteenth month of pension pre-2016, cost",total net thirteenth month of pension pre-2016," total thirteenth month of pension post-2016, cost",total net thirteenth month of pension post-2016," total thirteenth month of universal pension, cost",total net thirteenth month of universal pension
82,23291709.14920623,22328221.82114454,23408899.100329712,22438380.473820847,17341005.477118462,4987216.344026081,17451164.613106813,4987215.860714032,957201.2947347944,928485.2558927505,3879685.8270279397,3657872.584888674,3899217.5030343756,3676232.815532878,159533.54912246572,154747.54264879177
period,"total pensions, pre-2016, cost","total net pensions, pre-2016","total pensions, post-2016, cost","total net pensions, post-2016",total retirement benefits pre-2016,total survivors pensions pre-2016,total retirement benefits post-2016,total survivors pensions post-2016,"total universal pensions, cost",total net universal pensions," total thirteenth month of pension pre-2016, cost",total net thirteenth month of pension pre-2016," total thirteenth month of pension post-2016, cost",total net thirteenth month of pension post-2016," total thirteenth month of universal pension, cost",total net thirteenth month of universal pension
83,23384909.38589897,22415613.60724057,23506071.346468735,22529505.94893473,17390844.563318934,5024769.0439216355,17504737.413711116,5024768.535223614,974367.353935953,945136.3333178743,0.0,0.0,0.0,0.0,0.0,0.0
period,"total pensions, pre-2016, cost","total net pensions, pre-2016","total pensions, post-2016, cost","total net pensions, post-2016",total retirement benefits pre-2016,total survivors pensions pre-2016,total retirement benefits post-2016,total survivors pensions post-2016,"total universal pensions, cost",total net universal pensions," total thirteenth month of pension pre-2016, cost",total net thirteenth month of pension pre-2016," total thirteenth month of pension post-2016, cost",total net thirteenth month of pension post-2016," total thirteenth month of universal pension, cost",total net thirteenth month of universal pension
84,23423038.83799209,22451632.412637014,23541604.515701674,22563084.248556085,17379789.097525936,5071843.315111076,17491241.445559934,5071842.80299615,1010433.855136436,980120.8394823428,3901628.781132909,3678222.237590779,3921389.744948346,3696798.0005026916,168405.6425227393,163353.47324705715
period,"total pensions, pre-2016, cost","total net pensions, pre-2016","total pensions, post-2016, cost","total net pensions, post-2016",total retirement benefits pre-2016,total survivors pensions pre-2016,total retirement benefits post-2016,total survivors pensions post-2016,"total universal pensions, cost",total net universal pensions," total thirteenth month of pension pre-2016, cost",total net thirteenth month of pension pre-2016," total thirteenth month of pension post-2016, cost",total net thirteenth month of pension post-2016," total thirteenth month of universal pension, cost",total net thirteenth month of universal pension
85,23443988.67655764,22471041.200864978,23562548.324606072,22582487.369087435,17351340.0658459,5119701.135019081,17462786.72899593,5119700.640091504,1022915.2092930542,992227.7530142624,0.0,0.0,0.0,0.0,0.0,0.0
period,"total pensions, pre-2016, cost","total net pensions, pre-2016","total pensions, post-2016, cost","total net pensions, post-2016",total retirement benefits pre-2016,total survivors pensions pre-2016,total retirement benefits post-2016,total survivors pensions post-2016,"total universal pensions, cost",total net universal pensions," total thirteenth month of pension pre-2016, cost",total net thirteenth month of pension pre-2016," total thirteenth month of pension post-2016, cost",total net thirteenth month of pension post-2016," total thirteenth month of universal pension, cost",total net thirteenth month of universal pension
86,23602891.26779849,22621567.5653342,23722673.115791637,22734162.601689897,17449517.56214087,5172050.003193334,17562113.09375561,5172049.507934287,1050984.204384725,1019454.6782531831,3931553.1183315865,3705884.690285446,3951516.777259901,3724650.9883137313,175164.03406412082,169909.11304219716
period,"total pensions, pre-2016, cost","total net pensions, pre-2016","total pensions, post-2016, cost","total net pensions, post-2016",total retirement benefits pre-2016,total survivors pensions pre-2016,total retirement benefits post-2016,total survivors pensions post-2016,"total universal pensions, cost",total net universal pensions," total thirteenth month of pension pre-2016, cost",total net thirteenth month of pension pre-2016," total thirteenth month of pension post-2016, cost",total net thirteenth month of pension post-2016," total thirteenth month of universal pension, cost",total net thirteenth month of universal pension
87,23727287.124368843,22739423.327791758,23847817.55432169,22852722.174373515,17492871.235672913,5246552.092118847,17606170.57337569,5246551.600997826,1104428.8649094296,1071295.9989621465,0.0,0.0,0.0,0.0,0.0,0.0
period,"total pensions, pre-2016, cost","total net pensions, pre-2016","total pensions, post-2016, cost","total net pensions, post-2016",total retirement benefits pre-2016,total survivors pensions pre-2016,total retirement benefits post-2016,total survivors pensions post-2016,"total universal pensions, cost",total net universal pensions," total thirteenth month of pension pre-2016, cost",total net thirteenth month of pension pre-2016," total thirteenth month of pension post-2016, cost",total net thirteenth month of pension post-2016," total thirteenth month of universal pension, cost",total net thirteenth month of universal pension
88,23928106.119562328,22930810.120632987,24049746.818155114,23045152.620106943,17594782.905580916,5336027.215052075,17709125.899765603,5336026.720341338,1225532.707962451,1188766.7267235774,3985598.9736855673,3757213.979936184,4005872.4665000974,3776271.52355186,204255.4513270752,198127.7877872629
period,"total pensions, pre-2016, cost","total net pensions, pre-2016","total pensions, post-2016, cost","total net pensions, post-2016",total retirement benefits pre-2016,total survivors pensions pre-2016,total retirement benefits post-2016,total survivors pensions post-2016,"total universal pensions, cost",total net universal pensions," total thirteenth month of pension pre-2016, cost",total net thirteenth month of pension pre-2016," total thirteenth month of pension post-2016, cost",total net thirteenth month of pension post-2016," total thirteenth month of universal pension, cost",total net thirteenth month of universal pension
89,24037723.614033632,23035774.16864151,24159790.099019196,23150516.907823455,17624950.235865157,5410823.932776354,17739693.56065593,5410823.3471675245,1338318.6738060506,1298169.1135918687,0.0,0.0,0.0,0.0,0.0,0.0
period,"total pensions, pre-2016, cost","total net pensions, pre-2016","total pensions, post-2016, cost","total net pensions, post-2016",total retirement benefits pre-2016,total survivors pensions pre-2016,total retirement benefits post-2016,total survivors pensions post-2016,"total universal pensions, cost",total net universal pensions," total thirteenth month of pension pre-2016, cost",total net thirteenth month of pension pre-2016," total thirteenth month of pension post-2016, cost",total net thirteenth month of pension post-2016," total thirteenth month of universal pension, cost",total net thirteenth month of universal pension
90,24144933.701731347,23138197.3190737,24267610.824875437,23253514.125216864,17660034.04857265,5478163.270501056,17775351.442342103,5478162.6828747615,1460291.665831216,1416482.9158562794,4021545.196507341,3791964.138371037,4041991.438731307,3811183.605895974,243381.94430520263,236080.48597604656
period,"total pensions, pre-2016, cost","total net pensions, pre-2016","total pensions, post-2016, cost","total net pensions, post-2016",total retirement benefits pre-2016,total survivors pensions pre-2016,total retirement benefits post-2016,total survivors pensions post-2016,"total universal pensions, cost",total net universal pensions," total thirteenth month of pension pre-2016, cost",total net thirteenth month of pension pre-2016," total thirteenth month of pension post-2016, cost",total net thirteenth month of pension post-2016," total thirteenth month of universal pension, cost",total net thirteenth month of universal pension
91,24248845.566273447,23235928.096118547,24371908.24236555,23351607.322670422,17703017.74494075,5532910.351177791,17818697.47087263,5532909.8517977875,1557873.93538383,1511137.7173223156,0.0,0.0,0.0,0.0,0.0,0.0
period,"total pensions, pre-2016, cost","total net pensions, pre-2016","total pensions, post-2016, cost","total net pensions, post-2016",total retirement benefits pre-2016,total survivors pensions pre-2016,total retirement benefits post-2016,total survivors pensions post-2016,"total universal pensions, cost",total net universal pensions," total thirteenth month of pension pre-2016, cost",total net thirteenth month of pension pre-2016," total thirteenth month of pension post-2016, cost",total net thirteenth month of pension post-2016," total thirteenth month of universal pension, cost",total net thirteenth month of universal pension
92,24266244.827338193,23252887.053003386,24390136.089039255,23369345.150544852,17700925.824737053,5551961.228266335,17817384.413467668,5551960.737077183,1639244.7304019646,1590067.3884899055,4041643.0556466654,3811483.3551773336,4062291.6545015345,3830893.0379334902,273207.45506699407,265011.2314149843
period,"total pensions, pre-2016, cost","total net pensions, pre-2016","total pensions, post-2016, cost","total net pensions, post-2016",total retirement benefits pre-2016,total survivors pensions pre-2016,total retirement benefits post-2016,total survivors pensions post-2016,"total universal pensions, cost",total net universal pensions," total thirteenth month of pension pre-2016, cost",total net thirteenth month of pension pre-2016," total thirteenth month of pension post-2016, cost",total net thirteenth month of pension post-2016," total thirteenth month of universal pension, cost",total net thirteenth month of universal pension
93,24549353.123605914,23522094.796678603,24675349.872978136,23640532.052803792,17889011.52478074,5633083.2718978645,18007449.273942642,5633082.778861151,1748712.7315890803,1696251.3496414083,0.0,0.0,0.0,0.0,0.0,0.0
period,"total pensions, pre-2016, cost","total net pensions, pre-2016","total pensions, post-2016, cost","total net pensions, post-2016",total retirement benefits pre-2016,total survivors pensions pre-2016,total retirement benefits post-2016,total survivors pensions post-2016,"total universal pensions, cost",total net universal pensions," total thirteenth month of pension pre-2016, cost",total net thirteenth month of pension pre-2016," total thirteenth month of pension post-2016, cost",total net thirteenth month of pension post-2016," total thirteenth month of universal pension, cost",total net thirteenth month of universal pension
94,24819551.087042235,23779562.9975339,24948175.375654373,23900470.141461723,18075445.456119914,5704117.541413981,18196353.083197653,5704117.058264073,1861322.9192006292,1805483.2316246105,4133587.1020191177,3898771.1379510243,4155024.5388857536,3918922.3284245175,310220.48653343826,300913.87193743506
period,"total pensions, pre-2016, cost","total net pensions, pre-2016","total pensions, post-2016, cost","total net pensions, post-2016",total retirement benefits pre-2016,total survivors pensions pre-2016,total retirement benefits post-2016,total survivors pensions post-2016,"total universal pensions, cost",total net universal pensions," total thirteenth month of pension pre-2016, cost",total net thirteenth month of pension pre-2016," total thirteenth month of pension post-2016, cost",total net thirteenth month of pension post-2016," total thirteenth month of universal pension, cost",total net thirteenth month of universal pension
95,24957025.698718634,23910288.27487599,25086783.21061918,24032260.650511324,18145658.426665448,5764629.848210545,18267631.286759734,5764629.363751588,1948973.1966985727,1890504.0007976156,0.0,0.0,0.0,0.0,0.0,0.0
period,"total pensions, pre-2016, cost","total net pensions, pre-2016","total pensions, post-2016, cost","total net pensions, post-2016",total retirement benefits pre-2016,total survivors pensions pre-2016,total retirement benefits post-2016,total survivors pensions post-2016,"total universal pensions, cost",total net universal pensions," total thirteenth month of pension pre-2016, cost",total net thirteenth month of pension pre-2016," total thirteenth month of pension post-2016, cost",total net thirteenth month of pension post-2016," total thirteenth month of universal pension, cost",total net thirteenth month of universal pension
96,25228250.83103402,24167565.92051005,25359828.798921004,24291249.525725495,18302929.251332875,5864636.669177175,18426613.32973016,5864636.195995335,2044261.0179237996,1982933.1873860855,4201453.671650627,3963409.8316912465,4223383.388887408,3984023.765994332,340710.1696539666,330488.8645643476
period,"total pensions, pre-2016, cost","total net pensions, pre-2016","total pensions, post-2016, cost","total net pensions, post-2016",total retirement benefits pre-2016,total survivors pensions pre-2016,total retirement benefits post-2016,total survivors pensions post-2016,"total universal pensions, cost",total net universal pensions," total thirteenth month of pension pre-2016, cost",total net thirteenth month of pension pre-2016," total thirteenth month of pension post-2016, cost",total net thirteenth month of pension post-2016," total thirteenth month of universal pension, cost",total net thirteenth month of universal pension
97,25401235.800740104,24332347.351318102,25533774.469749257,24456934.01606358,18403642.164185397,5928705.18713271,18528229.306700446,5928704.709363131,2159203.833864244,2094427.718848317,0.0,0.0,0.0,0.0,0.0,0.0
period,"total pensions, pre-2016, cost","total net pensions, pre-2016","total pensions, post-2016, cost","total net pensions, post-2016",total retirement benefits pre-2016,total survivors pensions pre-2016,total retirement benefits post-2016,total survivors pensions post-2016,"total universal pensions, cost",total net universal pensions," total thirteenth month of pension pre-2016, cost",total net thirteenth month of pension pre-2016," total thirteenth month of pension post-2016, cost",total net thirteenth month of pension post-2016," total thirteenth month of universal pension, cost",total net thirteenth month of universal pension
98,25684846.11776364,24601549.503784616,25820707.205109738,24729259.242313705,18619046.29847867,5982503.205305943,18746756.517084192,5982502.725229516,2238260.6787419915,2171112.8583797324,4277395.974299092,4035670.3512752135,4300039.544960278,4056955.307770364,373043.44645699864,361852.1430632887
period,"total pensions, pre-2016, cost","total net pensions, pre-2016","total pensions, post-2016, cost","total net pensions, post-2016",total retirement benefits pre-2016,total survivors pensions pre-2016,total retirement benefits post-2016,total survivors pensions post-2016,"total universal pensions, cost",total net universal pensions," total thirteenth month of pension pre-2016, cost",total net thirteenth month of pension pre-2016," total thirteenth month of pension post-2016, cost",total net thirteenth month of pension post-2016," total thirteenth month of universal pension, cost",total net thirteenth month of universal pension
99,25839066.83862124,24747747.258230206,25977287.330196757,24877674.93454367,18745853.614766456,6001893.643463749,18875781.776826456,6001893.157717213,2300726.870739095,2231705.064616922,0.0,0.0,0.0,0.0,0.0,0.0
period,"total pensions, pre-2016, cost","total net pensions, pre-2016","total pensions, post-2016, cost","total net pensions, post-2016",total retirement benefits pre-2016,total survivors pensions pre-2016,total retirement benefits post-2016,total survivors pensions post-2016,"total universal pensions, cost",total net universal pensions," total thirteenth month of pension pre-2016, cost",total net thirteenth month of pension pre-2016," total thirteenth month of pension post-2016, cost",total net thirteenth month of pension post-2016," total thirteenth month of universal pension, cost",total net thirteenth month of universal pension
100,25930834.977244005,24835461.061003152,26069385.264242124,24965698.745653518,18762181.675547272,6073279.385455883,18892419.851212528,6073278.894440993,2371424.9952626796,2300282.2454047995,4318334.142333513,4074678.2997482396,4341425.930392089,4096384.5805660407,395237.4992104466,383380.3742341332
period,"total pensions, pre-2016, cost","total net pensions, pre-2016","total pensions, post-2016, cost","total net pensions, post-2016",total retirement benefits pre-2016,total survivors pensions pre-2016,total retirement benefits post-2016,total survivors pensions post-2016,"total universal pensions, cost",total net universal pensions," total thirteenth month of pension pre-2016, cost",total net thirteenth month of pension pre-2016," total thirteenth month of pension post-2016, cost",total net thirteenth month of pension post-2016," total thirteenth month of universal pension, cost",total net thirteenth month of universal pension
101,26069718.44408741,24966587.346121706,26209302.912800413,25097797.667265967,18855285.10592613,6111302.240195581,18986495.927912716,6111301.739353252,2426589.4197117374,2353791.7371203857,0.0,0.0,0.0,0.0,0.0,0.0
period,"total pensions, pre-2016, cost","total net pensions, pre-2016","total pensions, post-2016, cost","total net pensions, post-2016",total retirement benefits pre-2016,total survivors pensions pre-2016,total retirement benefits post-2016,total survivors pensions post-2016,"total universal pensions, cost",total net universal pensions," total thirteenth month of pension pre-2016, cost",total net thirteenth month of pension pre-2016," total thirteenth month of pension post-2016, cost",total net thirteenth month of pension post-2016," total thirteenth month of universal pension, cost",total net thirteenth month of universal pension
102,26157194.704731274,25049628.919046815,26296889.972438205,25180943.39289153,18876932.327334087,6172696.591712723,19008247.287666067,6172696.10522546,2496286.0320972437,2421397.4511343273,4355957.480850271,4110547.2548793443,4379240.188978766,4132433.0588322654,416047.6720162074,403566.24185572116
period,"total pensions, pre-2016, cost","total net pensions, pre-2016","total pensions, post-2016, cost","total net pensions, post-2016",total retirement benefits pre-2016,total survivors pensions pre-2016,total retirement benefits post-2016,total survivors pensions post-2016,"total universal pensions, cost",total net universal pensions," total thirteenth month of pension pre-2016, cost",total net thirteenth month of pension pre-2016," total thirteenth month of pension post-2016, cost",total net thirteenth month of pension post-2016," total thirteenth month of universal pension, cost",total net thirteenth month of universal pension
103,26330340.305264726,25214802.867880646,26470004.406250797,25346088.04683442,18990308.458011493,6224494.40986915,19121594.118438046,6224493.928396372,2591761.068791619,2514008.23672787,0.0,0.0,0.0,0.0,0.0,0.0
period,"total pensions, pre-2016, cost","total net pensions, pre-2016","total pensions, post-2016, cost","total net pensions, post-2016",total retirement benefits pre-2016,total survivors pensions pre-2016,total retirement benefits post-2016,total survivors pensions post-2016,"total universal pensions, cost",total net universal pensions," total thirteenth month of pension pre-2016, cost",total net thirteenth month of pension pre-2016," total thirteenth month of pension post-2016, cost",total net thirteenth month of pension post-2016," total thirteenth month of universal pension, cost",total net thirteenth month of universal pension
104,26488472.66316279,25366109.629112523,26629405.322807424,25498587.25543854,19107192.10488508,6258917.524227444,19239670.200029965,6258917.0554085765,2719818.2506697997,2638223.7031497047,4411117.4289584905,4163398.976806203,4434606.369796437,4185478.639834477,453303.04177829984,439703.9505249508
period,"total pensions, pre-2016, cost","total net pensions, pre-2016","total pensions, post-2016, cost","total net pensions, post-2016",total retirement benefits pre-2016,total survivors pensions pre-2016,total retirement benefits post-2016,total survivors pensions post-2016,"total universal pensions, cost",total net universal pensions," total thirteenth month of pension pre-2016, cost",total net thirteenth month of pension pre-2016," total thirteenth month of pension post-2016, cost",total net thirteenth month of pension post-2016," total thirteenth month of universal pension, cost",total net thirteenth month of universal pension
105,26603003.86992008,25475063.571679134,26744406.07673337,25607982.47494915,19191288.499320652,6283775.0723584825,19324207.90107049,6283774.573878656,2793476.0280918973,2709671.7472491404,0.0,0.0,0.0,0.0,0.0,0.0
period,"total pensions, pre-2016, cost","total net pensions, pre-2016","total pensions, post-2016, cost","total net pensions, post-2016",total retirement benefits pre-2016,total survivors pensions pre-2016,total retirement benefits post-2016,total survivors pensions post-2016,"total universal pensions, cost",total net universal pensions," total thirteenth month of pension pre-2016, cost",total net thirteenth month of pension pre-2016," total thirteenth month of pension post-2016, cost",total net thirteenth month of pension post-2016," total thirteenth month of universal pension, cost",total net thirteenth month of universal pension
106,26814598.786561135,25676148.57219359,26956138.250303283,25809196.498585336,19330940.844088838,6345207.728104752,19463989.26799,6345207.230595338,2902588.824519471,2815511.1597838863,4465139.123616631,4214954.820968254,4488729.18148751,4237129.6516305115,483764.8040865785,469251.85996398114
period,"total pensions, pre-2016, cost","total net pensions, pre-2016","total pensions, post-2016, cost","total net pensions, post-2016",total retirement benefits pre-2016,total survivors pensions pre-2016,total retirement benefits post-2016,total survivors pensions post-2016,"total universal pensions, cost",total net universal pensions," total thirteenth month of pension pre-2016, cost",total net thirteenth month of pension pre-2016," total thirteenth month of pension post-2016, cost",total net thirteenth month of pension post-2016," total thirteenth month of universal pension, cost",total net thirteenth month of universal pension
107,27089271.461298395,25938325.441731416,27232166.965551868,26072648.09966788,19535208.782492965,6403116.659238454,19669531.924059857,6403116.175608024,3032625.3130396856,2941646.5536484946,0.0,0.0,0.0,0.0,0.0,0.0
period,"total pensions, pre-2016, cost","total net pensions, pre-2016","total pensions, post-2016, cost","total net pensions, post-2016",total retirement benefits pre-2016,total survivors pensions pre-2016,total retirement benefits post-2016,total survivors pensions post-2016,"total universal pensions, cost",total net universal pensions," total thirteenth month of pension pre-2016, cost",total net thirteenth month of pension pre-2016," total thirteenth month of pension post-2016, cost",total net thirteenth month of pension post-2016," total thirteenth month of universal pension, cost",total net thirteenth month of universal pension
108,27239341.2240319,26081009.07963075,27383827.192408726,26216826.775812745,19630972.069906287,6450037.009724466,19766790.250622973,6450036.5251897685,3115686.6967581226,3022216.0958553785,4535794.849966508,4282284.087090971,4559876.001771824,4304920.5464198915,519281.1161263536,503702.6826425632
period,"total pensions, pre-2016, cost","total net pensions, pre-2016","total pensions, post-2016, cost","total net pensions, post-2016",total retirement benefits pre-2016,total survivors pensions pre-2016,total retirement benefits post-2016,total survivors pensions post-2016,"total universal pensions, cost",total net universal pensions," total thirteenth month of pension pre-2016, cost",total net thirteenth month of pension pre-2016," total thirteenth month of pension post-2016, cost",total net thirteenth month of pension post-2016," total thirteenth month of universal pension, cost",total net thirteenth month of universal pension
109,27394565.245660286,26228113.38099582,27539286.312825847,26364152.145822916,19770447.781867195,6457665.599128628,19906487.02849619,6457665.117326726,3182903.677411135,3087416.5670888005,0.0,0.0,0.0,0.0,0.0,0.0
period,"total pensions, pre-2016, cost","total net pensions, pre-2016","total pensions, post-2016, cost","total net pensions, post-2016",total retirement benefits pre-2016,total survivors pensions pre-2016,total retirement benefits post-2016,total survivors pensions post-2016,"total universal pensions, cost",total net universal pensions," total thirteenth month of pension pre-2016, cost",total net thirteenth month of pension pre-2016," total thirteenth month of pension post-2016, cost",total net thirteenth month of pension post-2016," total thirteenth month of universal pension, cost",total net thirteenth month of universal pension
110,27483817.562684033,26313154.400340285,27627899.914043482,26448592.774011377,19830307.72156215,6482846.678778135,19965746.581052378,6482846.192958993,3272059.3072500285,3173897.5280325273,4576328.904155536,4320842.171254944,4600342.80019651,4343415.410851315,545343.2178750047,528982.9213387547
period,"total pensions, pre-2016, cost","total net pensions, pre-2016","total pensions, post-2016, cost","total net pensions, post-2016",total retirement benefits pre-2016,total survivors pensions pre-2016,total retirement benefits post-2016,total survivors pensions post-2016,"total universal pensions, cost",total net universal pensions," total thirteenth month of pension pre-2016, cost",total net thirteenth month of pension pre-2016," total thirteenth month of pension post-2016, cost",total net thirteenth month of pension post-2016," total thirteenth month of universal pension, cost",total net thirteenth month of universal pension
111,27607735.83883628,26431751.387274377,27750206.62034667,26565674.887026947,19889982.47070996,6541768.916564417,20023906.45918522,6541768.42784173,3405283.1297888765,3303124.6358952103,0.0,0.0,0.0,0.0,0.0,0.0
period,"total pensions, pre-2016, cost","total net pensions, pre-2016","total pensions, post-2016, cost","total net pensions, post-2016",total retirement benefits pre-2016,total survivors pensions pre-2016,total retirement benefits post-2016,total survivors pensions post-2016,"total universal pensions, cost",total net universal pensions," total thirteenth month of pension pre-2016, cost",total net thirteenth month of pension pre-2016," total thirteenth month of pension post-2016, cost",total net thirteenth month of pension post-2016," total thirteenth month of universal pension, cost",total net thirteenth month of universal pension
112,27778835.110557854,26595380.48463419,27922512.348506838,26730435.30710925,20037228.82439602,6558151.660238164,20172284.138931934,6558151.168177318,3480801.824953462,3376377.7702048584,4624766.821176819,4367277.939598232,4648712.71168658,4389787.195225269,580133.6374922438,562729.6283674765
period,"total pensions, pre-2016, cost","total net pensions, pre-2016","total pensions, post-2016, cost","total net pensions, post-2016",total retirement benefits pre-2016,total survivors pensions pre-2016,total retirement benefits post-2016,total survivors pensions post-2016,"total universal pensions, cost",total net universal pensions," total thirteenth month of pension pre-2016, cost",total net thirteenth month of pension pre-2016," total thirteenth month of pension post-2016, cost",total net thirteenth month of pension post-2016," total thirteenth month of universal pension, cost",total net thirteenth month of universal pension
113,27875621.069091827,26687842.292216666,28020626.02808067,26824145.169138797,20125898.611557625,6561943.680659043,20262201.981460635,6561943.187678166,3568568.725249032,3461511.6634915615,0.0,0.0,0.0,0.0,0.0,0.0
period,"total pensions, pre-2016, cost","total net pensions, pre-2016","total pensions, post-2016, cost","total net pensions, post-2016",total retirement benefits pre-2016,total survivors pensions pre-2016,total retirement benefits post-2016,total survivors pensions post-2016,"total universal pensions, cost",total net universal pensions," total thirteenth month of pension pre-2016, cost",total net thirteenth month of pension pre-2016," total thirteenth month of pension post-2016, cost",total net thirteenth month of pension post-2016," total thirteenth month of universal pension, cost",total net thirteenth month of universal pension
114,28062316.761673026,26865772.69358742,28207906.417803623,27002625.182454675,20290919.778563213,6574852.9150242,20427772.75053592,6574852.431918757,3661432.7502033846,3551589.767697283,4672079.429758856,4412369.266073393,4696344.055444541,4435178.133204102,610238.7917005641,591931.6279495471
period,"total pensions, pre-2016, cost","total net pensions, pre-2016","total pensions, post-2016, cost","total net pensions, post-2016",total retirement benefits pre-2016,total survivors pensions pre-2016,total retirement benefits post-2016,total survivors pensions post-2016,"total universal pensions, cost",total net universal pensions," total thirteenth month of pension pre-2016, cost",total net thirteenth month of pension pre-2016," total thirteenth month of pension post-2016, cost",total net thirteenth month of pension post-2016," total thirteenth month of universal pension, cost",total net thirteenth month of universal pension
115,28211148.476613987,27008098.286651243,28356266.334595438,27144507.28276091,20376013.79351769,6632084.493133555,20512423.289075363,6632083.9936855445,3746656.814161851,3634257.109736995,0.0,0.0,0.0,0.0,0.0,0.0
period,"total pensions, pre-2016, cost","total net pensions, pre-2016","total pensions, post-2016, cost","total net pensions, post-2016",total retirement benefits pre-2016,total survivors pensions pre-2016,total retirement benefits post-2016,total survivors pensions post-2016,"total universal pensions, cost",total net universal pensions," total thirteenth month of pension pre-2016, cost",total net thirteenth month of pension pre-2016," total thirteenth month of pension post-2016, cost",total net thirteenth month of pension post-2016," total thirteenth month of universal pension, cost",total net thirteenth month of universal pension
116,28380816.656425104,27170313.87708074,28526734.634950954,27307474.982900906,20487107.591613237,6683206.2854675045,20624269.144293755,6683205.838607149,3836466.948794643,3721372.9403308034,4725029.538230307,4463073.222424576,4749348.883233884,4485933.541567271,639411.1581324404,620228.8233884672
period,"total pensions, pre-2016, cost","total net pensions, pre-2016","total pensions, post-2016, cost","total net pensions, post-2016",total retirement benefits pre-2016,total survivors pensions pre-2016,total retirement benefits post-2016,total survivors pensions post-2016,"total universal pensions, cost",total net universal pensions," total thirteenth month of pension pre-2016, cost",total net thirteenth month of pension pre-2016," total thirteenth month of pension post-2016, cost",total net thirteenth month of pension post-2016," total thirteenth month of universal pension, cost",total net thirteenth month of universal pension
117,28552464.702675883,27334396.770667102,28696852.75245281,27470119.740077294,20591895.417066507,6742501.353600601,20727618.83519697,6742500.9048803225,3957162.847554917,3838447.962128269,0.0,0.0,0.0,0.0,0.0,0.0
period,"total pensions, pre-2016, cost","total net pensions, pre-2016","total pensions, post-2016, cost","total net pensions, post-2016",total retirement benefits pre-2016,total survivors pensions pre-2016,total retirement benefits post-2016,total survivors pensions post-2016,"total universal pensions, cost",total net universal pensions," total thirteenth month of pension pre-2016, cost",total net thirteenth month of pension pre-2016," total thirteenth month of pension post-2016, cost",total net thirteenth month of pension post-2016," total thirteenth month of universal pension, cost",total net thirteenth month of universal pension
118,28690772.883364156,27466747.71238337,28835171.47951109,27602480.591755465,20730791.07197325,6735956.640410131,20866524.409480985,6735956.182274484,4045865.457307663,3924489.4935884327,4776686.285185436,4512599.884862267,4800752.398549282,4535222.166717241,674310.909551277,654081.5822647389
period,"total pensions, pre-2016, cost","total net pensions, pre-2016","total pensions, post-2016, cost","total net pensions, post-2016",total retirement benefits pre-2016,total survivors pensions pre-2016,total retirement benefits post-2016,total survivors pensions post-2016,"total universal pensions, cost",total net universal pensions," total thirteenth month of pension pre-2016, cost",total net thirteenth month of pension pre-2016," total thirteenth month of pension post-2016, cost",total net thirteenth month of pension post-2016," total thirteenth month of universal pension, cost",total net thirteenth month of universal pension
119,28911816.56523974,27677530.04021103,29057294.186582375,27814277.199899647,20860305.819593534,6817224.220617496,20997053.4382744,6817223.761625252,4126419.503173596,4002626.9180783886,0.0,0.0,0.0,0.0,0.0,0.0
period,"total pensions, pre-2016, cost","total net pensions, pre-2016","total pensions, post-2016, cost","total net pensions, post-2016",total retirement benefits pre-2016,total survivors pensions pre-2016,total retirement benefits post-2016,total survivors pensions post-2016,"total universal pensions, cost",total net universal pensions," total thirteenth month of pension pre-2016, cost",total net thirteenth month of pension pre-2016," total thirteenth month of pension post-2016, cost",total net thirteenth month of pension post-2016," total thirteenth month of universal pension, cost",total net thirteenth month of universal pension
120,29076200.815807655,27834185.321878605,29222947.850737564,27972125.72696554,20977274.62572702,6856910.696151581,21115215.464000847,6856910.262964692,4222163.401036192,4095498.4990051063,4840945.872222691,4574001.38794294,4865403.390855125,4596991.591256788,703693.9001726988,682583.0831675177
period,"total pensions, pre-2016, cost","total net pensions, pre-2016","total pensions, post-2016, cost","total net pensions, post-2016",total retirement benefits pre-2016,total survivors pensions pre-2016,total retirement benefits post-2016,total survivors pensions post-2016,"total universal pensions, cost",total net universal pensions," total thirteenth month of pension pre-2016, cost",total net thirteenth month of pension pre-2016," total thirteenth month of pension post-2016, cost",total net thirteenth month of pension post-2016," total thirteenth month of universal pension, cost",total net thirteenth month of universal pension
121,29252514.055784557,28001803.448212538,29398100.58598169,28138652.975470636,21100028.578576572,6901774.869635969,21236878.539831504,6901774.435639129,4291904.107827232,4163146.984592415,0.0,0.0,0.0,0.0,0.0,0.0
period,"total pensions, pre-2016, cost","total net pensions, pre-2016","total pensions, post-2016, cost","total net pensions, post-2016",total retirement benefits pre-2016,total survivors pensions pre-2016,total retirement benefits post-2016,total survivors pensions post-2016,"total universal pensions, cost",total net universal pensions," total thirteenth month of pension pre-2016, cost",total net thirteenth month of pension pre-2016," total thirteenth month of pension post-2016, cost",total net thirteenth month of pension post-2016," total thirteenth month of universal pension, cost",total net thirteenth month of universal pension
122,29531964.59381493,28269424.5989493,29678666.427694973,28407322.50828297,21319437.87913527,6949986.7198140295,21457336.22327724,6949986.285005723,4408949.640377487,4276681.151166162,4916805.26661787,4645972.633532119,4941255.25054228,4668955.754728718,734824.9400629146,712780.191861027
period,"total pensions, pre-2016, cost","total net pensions, pre-2016","total pensions, post-2016, cost","total net pensions, post-2016",total retirement benefits pre-2016,total survivors pensions pre-2016,total retirement benefits post-2016,total survivors pensions post-2016,"total universal pensions, cost",total net universal pensions," total thirteenth month of pension pre-2016, cost",total net thirteenth month of pension pre-2016," total thirteenth month of pension post-2016, cost",total net thirteenth month of pension post-2016," total thirteenth month of universal pension, cost",total net thirteenth month of universal pension
123,29661363.349607076,28392391.592409052,29808819.79822745,28530998.98861261,21421386.523062527,6971005.0693465285,21559994.334482566,6971004.654130038,4483908.37347784,4349391.122273504,0.0,0.0,0.0,0.0,0.0,0.0
period,"total pensions, pre-2016, cost","total net pensions, pre-2016","total pensions, post-2016, cost","total net pensions, post-2016",total retirement benefits pre-2016,total survivors pensions pre-2016,total retirement benefits post-2016,total survivors pensions post-2016,"total universal pensions, cost",total net universal pensions," total thirteenth month of pension pre-2016, cost",total net thirteenth month of pension pre-2016," total thirteenth month of pension post-2016, cost",total net thirteenth month of pension post-2016," total thirteenth month of universal pension, cost",total net thirteenth month of universal pension
124,29945464.223660186,28662542.265454248,30094085.856069207,28802245.048216827,21607354.48667643,7055187.778777815,21747057.685431853,7055187.362784974,4570337.314806965,4433227.195362755,4985507.93181746,4711322.030739806,5010277.928761179,4734605.964707908,761722.8858011608,738871.1992271258
period,"total pensions, pre-2016, cost","total net pensions, pre-2016","total pensions, post-2016, cost","total net pensions, post-2016",total retirement benefits pre-2016,total survivors pensions pre-2016,total retirement benefits post-2016,total survivors pensions post-2016,"total universal pensions, cost",total net universal pensions," total thirteenth month of pension pre-2016, cost",total net thirteenth month of pension pre-2016," total thirteenth month of pension post-2016, cost",total net thirteenth month of pension post-2016," total thirteenth month of universal pension, cost",total net thirteenth month of universal pension
125,30040967.093782507,28753795.54670601,30188780.513950985,28892738.607061196,21681886.480955858,7071909.065750158,21820829.95808168,7071908.648979513,4644220.734231305,4504894.1122043645,0.0,0.0,0.0,0.0,0.0,0.0
period,"total pensions, pre-2016, cost","total net pensions, pre-2016","total pensions, post-2016, cost","total net pensions, post-2016",total retirement benefits pre-2016,total survivors pensions pre-2016,total retirement benefits post-2016,total survivors pensions post-2016,"total universal pensions, cost",total net universal pensions," total thirteenth month of pension pre-2016, cost",total net thirteenth month of pension pre-2016," total thirteenth month of pension post-2016, cost",total net thirteenth month of pension post-2016," total thirteenth month of universal pension, cost",total net thirteenth month of universal pension
126,30173332.153568897,28879646.135636374,30320826.412022457,29018289.35338476,21741701.449147783,7137944.686488595,21880345.075979643,7137944.277405111,4754989.989095693,4612340.289422824,5023118.497434325,4747587.697237594,5047700.628240775,4770695.044165932,792498.3315159491,768723.3815704705
period,"total pensions, pre-2016, cost","total net pensions, pre-2016","total pensions, post-2016, cost","total net pensions, post-2016",total retirement benefits pre-2016,total survivors pensions pre-2016,total retirement benefits post-2016,total survivors pensions post-2016,"total universal pensions, cost",total net universal pensions," total thirteenth month of pension pre-2016, cost",total net thirteenth month of pension pre-2016," total thirteenth month of pension post-2016, cost",total net thirteenth month of pension post-2016," total thirteenth month of universal pension, cost",total net thirteenth month of universal pension
127,30437248.07519567,29131824.32111064,30584876.94538687,29270594.07130242,21943516.628900025,7188307.692210616,22082286.78894017,7188307.282362248,4903154.273631491,4756059.645422546,0.0,0.0,0.0,0.0,0.0,0.0
period,"total pensions, pre-2016, cost","total net pensions, pre-2016","total pensions, post-2016, cost","total net pensions, post-2016",total retirement benefits pre-2016,total survivors pensions pre-2016,total retirement benefits post-2016,total survivors pensions post-2016,"total universal pensions, cost",total net universal pensions," total thirteenth month of pension pre-2016, cost",total net thirteenth month of pension pre-2016," total thirteenth month of pension post-2016, cost",total net thirteenth month of pension post-2016," total thirteenth month of universal pension, cost",total net thirteenth month of universal pension
128,30594607.427646127,29281590.892761555,30741630.80340386,29419791.47559107,22078101.11779305,7203489.774968509,22216302.111237247,7203489.364353827,4972117.198540058,4822953.682583856,5093332.715052406,4814600.967918464,5117836.364490265,4837634.5428992035,828686.1997566764,803825.613763976
period,"total pensions, pre-2016, cost","total net pensions, pre-2016","total pensions, post-2016, cost","total net pensions, post-2016",total retirement benefits pre-2016,total survivors pensions pre-2016,total retirement benefits post-2016,total survivors pensions post-2016,"total universal pensions, cost",total net universal pensions," total thirteenth month of pension pre-2016, cost",total net thirteenth month of pension pre-2016," total thirteenth month of pension post-2016, cost",total net thirteenth month of pension post-2016," total thirteenth month of universal pension, cost",total net thirteenth month of universal pension
129,30756661.12688257,29436681.943351023,30904126.550551567,29575298.048617452,22210640.141521316,7226041.801829708,22349256.520708133,7226041.52790932,5074150.739329282,4921926.217149404,0.0,0.0,0.0,0.0,0.0,0.0
period,"total pensions, pre-2016, cost","total net pensions, pre-2016","total pensions, post-2016, cost","total net pensions, post-2016",total retirement benefits pre-2016,total survivors pensions pre-2016,total retirement benefits post-2016,total survivors pensions post-2016,"total universal pensions, cost",total net universal pensions," total thirteenth month of pension pre-2016, cost",total net thirteenth month of pension pre-2016," total thirteenth month of pension post-2016, cost",total net thirteenth month of pension post-2016," total thirteenth month of universal pension, cost",total net thirteenth month of universal pension
130,30804649.10353823,29482015.786034755,30950670.754278507,29619275.015498262,22240775.60785274,7241240.178182019,22378035.106839325,7241239.908658935,5177379.831288503,5022058.436349846,5128235.183411479,4848388.467321854,5152571.926224156,4871265.277940902,862896.6385480838,837009.7393916411
period,"total pensions, pre-2016, cost","total net pensions, pre-2016","total pensions, post-2016, cost","total net pensions, post-2016",total retirement benefits pre-2016,total survivors pensions pre-2016,total retirement benefits post-2016,total survivors pensions post-2016,"total universal pensions, cost",total net universal pensions," total thirteenth month of pension pre-2016, cost",total net thirteenth month of pension pre-2016," total thirteenth month of pension post-2016, cost",total net thirteenth month of pension post-2016," total thirteenth month of universal pension, cost",total net thirteenth month of universal pension
131,31010136.12905246,29678224.299891915,31154274.107353825,29813712.720117185,22351089.840909053,7327134.458982855,22486578.547305223,7327134.172811968,5311357.056294274,5152016.344605444,0.0,0.0,0.0,0.0,0.0,0.0
period,"total pensions, pre-2016, cost","total net pensions, pre-2016","total pensions, post-2016, cost","total net pensions, post-2016",total retirement benefits pre-2016,total survivors pensions pre-2016,total retirement benefits post-2016,total survivors pensions post-2016,"total universal pensions, cost",total net universal pensions," total thirteenth month of pension pre-2016, cost",total net thirteenth month of pension pre-2016," total thirteenth month of pension post-2016, cost",total net thirteenth month of pension post-2016," total thirteenth month of universal pension, cost",total net thirteenth month of universal pension
132,31146198.390585683,29808551.74224611,31290234.768032108,29943944.65527563,22429293.61674017,7379258.125505943,22564686.81647564,7379257.838799987,5417747.405385177,5255214.983223622,5184922.878584097,4902774.2275512,5208928.714227628,4925339.986450751,902957.9008975296,875869.1638706035
period,"total pensions, pre-2016, cost","total net pensions, pre-2016","total pensions, post-2016, cost","total net pensions, post-2016",total retirement benefits pre-2016,total survivors pensions pre-2016,total retirement benefits post-2016,total survivors pensions post-2016,"total universal pensions, cost",total net universal pensions," total thirteenth month of pension pre-2016, cost",total net thirteenth month of pension pre-2016," total thirteenth month of pension post-2016, cost",total net thirteenth month of pension post-2016," total thirteenth month of universal pension, cost",total net thirteenth month of universal pension
133,31275331.093696065,29931839.72802782,31417863.598416213,30065820.274428643,22511646.826595247,7420192.901432583,22645627.660238087,7420192.614190558,5508581.478090892,5343324.033748165,0.0,0.0,0.0,0.0,0.0,0.0
period,"total pensions, pre-2016, cost","total net pensions, pre-2016","total pensions, post-2016, cost","total net pensions, post-2016",total retirement benefits pre-2016,total survivors pensions pre-2016,total retirement benefits post-2016,total survivors pensions post-2016,"total universal pensions, cost",total net universal pensions," total thirteenth month of pension pre-2016, cost",total net thirteenth month of pension pre-2016," total thirteenth month of pension post-2016, cost",total net thirteenth month of pension post-2016," total thirteenth month of universal pension, cost",total net thirteenth month of universal pension
134,31450039.2676809,30099029.167724505,31591319.364102412,30231832.45030958,22624814.068949472,7474215.098775032,22757617.639313642,7474214.810995937,5626316.386708455,5457526.8951072,5235505.785305103,4951310.506253906,5259052.4666145155,4973444.661102696,937719.3977847428,909587.8158512001
period,"total pensions, pre-2016, cost","total net pensions, pre-2016","total pensions, post-2016, cost","total net pensions, post-2016",total retirement benefits pre-2016,total survivors pensions pre-2016,total retirement benefits post-2016,total survivors pensions post-2016,"total universal pensions, cost",total net universal pensions," total thirteenth month of pension pre-2016, cost",total net thirteenth month of pension pre-2016," total thirteenth month of pension post-2016, cost",total net thirteenth month of pension post-2016," total thirteenth month of universal pension, cost",total net thirteenth month of universal pension
135,31729163.234194748,30365982.367964048,31870044.697820295,30498413.627066243,22828640.364522137,7537342.003441905,22961071.91194151,7537341.715124736,5768578.592686712,5595521.234906111,0.0,0.0,0.0,0.0,0.0,0.0
period,"total pensions, pre-2016, cost","total net pensions, pre-2016","total pensions, post-2016, cost","total net pensions, post-2016",total retirement benefits pre-2016,total survivors pensions pre-2016,total retirement benefits post-2016,total survivors pensions post-2016,"total universal pensions, cost",total net universal pensions," total thirteenth month of pension pre-2016, cost",total net thirteenth month of pension pre-2016," total thirteenth month of pension post-2016, cost",total net thirteenth month of pension post-2016," total thirteenth month of universal pension, cost",total net thirteenth month of universal pension
136,31924742.42203007,30552827.237062227,32064741.23826251,30684429.241919175,22960706.22014723,7592121.0169149935,23092308.51386043,7592120.728058741,5875874.079168811,5699597.856793748,5314550.309193063,5026886.30165335,5337883.997997487,5048820.244574599,979312.3465281354,949932.9761322911
period,"total pensions, pre-2016, cost","total net pensions, pre-2016","total pensions, post-2016, cost","total net pensions, post-2016",total retirement benefits pre-2016,total survivors pensions pre-2016,total retirement benefits post-2016,total survivors pensions post-2016,"total universal pensions, cost",total net universal pensions," total thirteenth month of pension pre-2016, cost",total net thirteenth month of pension pre-2016," total thirteenth month of pension post-2016, cost",total net thirteenth month of pension post-2016," total thirteenth month of universal pension, cost",total net thirteenth month of universal pension
137,32149958.875651155,30768531.258061532,32288627.265991207,30898882.685648516,23165721.203549266,7602810.0545122605,23296072.880195808,7602809.805452709,6001443.221924868,5821399.925267123,0.0,0.0,0.0,0.0,0.0,0.0
period,"total pensions, pre-2016, cost","total net pensions, pre-2016","total pensions, post-2016, cost","total net pensions, post-2016",total retirement benefits pre-2016,total survivors pensions pre-2016,total retirement benefits post-2016,total survivors pensions post-2016,"total universal pensions, cost",total net universal pensions," total thirteenth month of pension pre-2016, cost",total net thirteenth month of pension pre-2016," total thirteenth month of pension post-2016, cost",total net thirteenth month of pension post-2016," total thirteenth month of universal pension, cost",total net thirteenth month of universal pension
138,32442014.84352347,31047832.59483337,32579727.608255405,31177285.74022099,23372062.866936423,7675769.727896944,23501516.263336785,7675769.476884204,6120611.110151639,5936992.77684709,5400835.792477318,5109321.244716926,5423788.477829731,5130897.305860929,1020101.8516919398,989498.7961411814
period,"total pensions, pre-2016, cost","total net pensions, pre-2016","total pensions, post-2016, cost","total net pensions, post-2016",total retirement benefits pre-2016,total survivors pensions pre-2016,total retirement benefits post-2016,total survivors pensions post-2016,"total universal pensions, cost",total net universal pensions," total thirteenth month of pension pre-2016, cost",total net thirteenth month of pension pre-2016," total thirteenth month of pension post-2016, cost",total net thirteenth month of pension post-2016," total thirteenth month of universal pension, cost",total net thirteenth month of universal pension
139,32616937.808286488,31215685.63118317,32754382.217204105,31344886.527988575,23498784.95754378,7716900.673639391,23627986.08495925,7716900.443029321,6202825.247752673,6016740.490320092,0.0,0.0,0.0,0.0,0.0,0.0
period,"total pensions, pre-2016, cost","total net pensions, pre-2016","total pensions, post-2016, cost","total net pensions, post-2016",total retirement benefits pre-2016,total survivors pensions pre-2016,total retirement benefits post-2016,total survivors pensions post-2016,"total universal pensions, cost",total net universal pensions," total thirteenth month of pension pre-2016, cost",total net thirteenth month of pension pre-2016," total thirteenth month of pension post-2016, cost",total net thirteenth month of pension post-2016," total thirteenth month of universal pension, cost",total net thirteenth month of universal pension
140,32647495.797192186,31245472.245509446,32783911.164152887,31373705.84878247,23517169.448193774,7728302.797315663,23645403.276086316,7728302.572696147,6275079.373923716,6086826.992706005,5435082.326512286,5142257.241298214,5457818.780993317,5163630.267377707,1045846.5623206192,1014471.1654510007
period,"total pensions, pre-2016, cost","total net pensions, pre-2016","total pensions, post-2016, cost","total net pensions, post-2016",total retirement benefits pre-2016,total survivors pensions pre-2016,total retirement benefits post-2016,total survivors pensions post-2016,"total universal pensions, cost",total net universal pensions," total thirteenth month of pension pre-2016, cost",total net thirteenth month of pension pre-2016," total thirteenth month of pension post-2016, cost",total net thirteenth month of pension post-2016," total thirteenth month of universal pension, cost",total net thirteenth month of universal pension
141,32843396.418005586,31433707.271973927,32979427.13106746,31561579.30635167,23689687.131913185,7744020.140060743,23817559.397290237,7744019.90906143,6407113.590524793,6214900.182809048,0.0,0.0,0.0,0.0,0.0,0.0
period,"total pensions, pre-2016, cost","total net pensions, pre-2016","total pensions, post-2016, cost","total net pensions, post-2016",total retirement benefits pre-2016,total survivors pensions pre-2016,total retirement benefits post-2016,total survivors pensions post-2016,"total universal pensions, cost",total net universal pensions," total thirteenth month of pension pre-2016, cost",total net thirteenth month of pension pre-2016," total thirteenth month of pension post-2016, cost",total net thirteenth month of pension post-2016," total thirteenth month of universal pension, cost",total net thirteenth month of universal pension
142,32948976.871719703,31534465.51709391,33083487.776323583,31660908.937437218,23760206.55887512,7774258.95821879,23886650.207863204,7774258.729574009,6500460.8105284935,6305446.986212638,5485303.2835409,5190363.029420328,5507722.32970106,5211437.826382986,1083410.1350880824,1050907.8310354396
period,"total pensions, pre-2016, cost","total net pensions, pre-2016","total pensions, post-2016, cost","total net pensions, post-2016",total retirement benefits pre-2016,total survivors pensions pre-2016,total retirement benefits post-2016,total survivors pensions post-2016,"total universal pensions, cost",total net universal pensions," total thirteenth month of pension pre-2016, cost",total net thirteenth month of pension pre-2016," total thirteenth month of pension post-2016, cost",total net thirteenth month of pension post-2016," total thirteenth month of universal pension, cost",total net thirteenth month of universal pension
143,33105773.298982136,31685241.782562736,33238794.00319413,31810284.4204648,23890222.564245194,7795019.218317542,24015265.431219544,7795018.989245252,6612883.739970107,6414497.227771004,0.0,0.0,0.0,0.0,0.0,0.0
period,"total pensions, pre-2016, cost","total net pensions, pre-2016","total pensions, post-2016, cost","total net pensions, post-2016",total retirement benefits pre-2016,total survivors pensions pre-2016,total retirement benefits post-2016,total survivors pensions post-2016,"total universal pensions, cost",total net universal pensions," total thirteenth month of pension pre-2016, cost",total net thirteenth month of pension pre-2016," total thirteenth month of pension post-2016, cost",total net thirteenth month of pension post-2016," total thirteenth month of universal pension, cost",total net thirteenth month of universal pension
144,33216679.12217355,31792218.081213832,33349244.815171167,31916833.0145126,24012218.555662967,7779999.525550867,24136833.72024435,7779999.2942682495,6694808.541168931,6493964.28493386,5529866.857694401,5233303.638894416,5551961.704023969,5254073.709237546,1115801.4235281548,1082327.38082231
period,"total pensions, pre-2016, cost","total net pensions, pre-2016","total pensions, post-2016, cost","total net pensions, post-2016",total retirement benefits pre-2016,total survivors pensions pre-2016,total retirement benefits post-2016,total survivors pensions post-2016,"total universal pensions, cost",total net universal pensions," total thirteenth month of pension pre-2016, cost",total net thirteenth month of pension pre-2016," total thirteenth month of pension post-2016, cost",total net thirteenth month of pension post-2016," total thirteenth month of universal pension, cost",total net thirteenth month of universal pension
145,33445944.87335064,32010978.18933163,33577162.18359135,32134325.64878823,24175316.096814644,7835662.092516988,24298663.787986293,7835661.86080193,6800548.966888577,6596532.497881918,0.0,0.0,0.0,0.0,0.0,0.0
period,"total pensions, pre-2016, cost","total net pensions, pre-2016","total pensions, post-2016, cost","total net pensions, post-2016",total retirement benefits pre-2016,total survivors pensions pre-2016,total retirement benefits post-2016,total survivors pensions post-2016,"total universal pensions, cost",total net universal pensions," total thirteenth month of pension pre-2016, cost",total net thirteenth month of pension pre-2016," total thirteenth month of pension post-2016, cost",total net thirteenth month of pension post-2016," total thirteenth month of universal pension, cost",total net thirteenth month of universal pension
146,33614201.68112804,32173585.63383181,33742886.719050154,32294552.763269372,24359309.492839135,7814276.140992676,24480276.804690238,7814275.958579134,6928737.972323284,6720875.833153585,5596090.359822624,5296517.474593771,5617538.432417937,5316680.780304036,1154789.6620538807,1120145.9721922644
period,"total pensions, pre-2016, cost","total net pensions, pre-2016","total pensions, post-2016, cost","total net pensions, post-2016",total retirement benefits pre-2016,total survivors pensions pre-2016,total retirement benefits post-2016,total survivors pensions post-2016,"total universal pensions, cost",total net universal pensions," total thirteenth month of pension pre-2016, cost",total net thirteenth month of pension pre-2016," total thirteenth month of pension post-2016, cost",total net thirteenth month of pension post-2016," total thirteenth month of universal pension, cost",total net thirteenth month of universal pension
147,33821263.38974043,32371286.612780597,33948987.86311129,32491347.748473432,24492555.071250785,7878731.541529815,24612616.389698226,7878731.358775206,7080438.022881877,6868024.8821954215,0.0,0.0,0.0,0.0,0.0,0.0
period,"total pensions, pre-2016, cost","total net pensions, pre-2016","total pensions, post-2016, cost","total net pensions, post-2016",total retirement benefits pre-2016,total survivors pensions pre-2016,total retirement benefits post-2016,total survivors pensions post-2016,"total universal pensions, cost",total net universal pensions," total thirteenth month of pension pre-2016, cost",total net thirteenth month of pension pre-2016," total thirteenth month of pension post-2016, cost",total net thirteenth month of pension post-2016," total thirteenth month of universal pension, cost",total net thirteenth month of universal pension
148,33885650.71322,32434347.956700698,34012180.36570979,32553285.961009752,24565326.066919755,7869021.889780943,24684264.254325118,7869021.706684629,7211908.029715289,6995550.78882383,5641092.379935662,5339985.505201389,5662180.678572019,5359810.655258973,1201984.6716192148,1165925.1314706386
period,"total pensions, pre-2016, cost","total net pensions, pre-2016","total pensions, post-2016, cost","total net pensions, post-2016",total retirement benefits pre-2016,total survivors pensions pre-2016,total retirement benefits post-2016,total survivors pensions post-2016,"total universal pensions, cost",total net universal pensions," total thirteenth month of pension pre-2016, cost",total net thirteenth month of pension pre-2016," total thirteenth month of pension post-2016, cost",total net thirteenth month of pension post-2016," total thirteenth month of universal pension, cost",total net thirteenth month of universal pension
149,34034584.02841996,32577399.93530747,34161062.35937687,32696289.713308625,24687444.731936164,7889955.203371307,24806334.685517803,7889955.027790816,7333946.290352038,7113927.901641478,0.0,0.0,0.0,0.0,0.0,0.0
period,"total pensions, pre-2016, cost","total net pensions, pre-2016","total pensions, post-2016, cost","total net pensions, post-2016",total retirement benefits pre-2016,total survivors pensions pre-2016,total retirement benefits post-2016,total survivors pensions post-2016,"total universal pensions, cost",total net universal pensions," total thirteenth month of pension pre-2016, cost",total net thirteenth month of pension pre-2016," total thirteenth month of pension post-2016, cost",total net thirteenth month of pension post-2016," total thirteenth month of universal pension, cost",total net thirteenth month of universal pension
150,34146906.60554845,32685829.592526987,34272475.74432436,32803864.73015267,24774227.161703847,7911602.43082314,24892262.45295734,7911602.277195329,7457914.480492465,7234177.046077692,5684722.909328634,5382121.077368667,5705651.125219712,5401795.883687023,1242985.7467487445,1205696.174346282
period,"total pensions, pre-2016, cost","total net pensions, pre-2016","total pensions, post-2016, cost","total net pensions, post-2016",total retirement benefits pre-2016,total survivors pensions pre-2016,total retirement benefits post-2016,total survivors pensions post-2016,"total universal pensions, cost",total net universal pensions," total thirteenth month of pension pre-2016, cost",total net thirteenth month of pension pre-2016," total thirteenth month of pension post-2016, cost",total net thirteenth month of pension post-2016," total thirteenth month of universal pension, cost",total net thirteenth month of universal pension
151,34400432.51254725,32927764.173357476,34524597.533138335,33044479.440164614,25017359.113080136,7910405.060277344,25134074.533802334,7910404.906362287,7565015.487958639,7338065.02331988,0.0,0.0,0.0,0.0,0.0,0.0
period,"total pensions, pre-2016, cost","total net pensions, pre-2016","total pensions, post-2016, cost","total net pensions, post-2016",total retirement benefits pre-2016,total survivors pensions pre-2016,total retirement benefits post-2016,total survivors pensions post-2016,"total universal pensions, cost",total net universal pensions," total thirteenth month of pension pre-2016, cost",total net thirteenth month of pension pre-2016," total thirteenth month of pension post-2016, cost",total net thirteenth month of pension post-2016," total thirteenth month of universal pension, cost",total net thirteenth month of universal pension
152,34593796.81245498,33112911.094065215,34717492.254496835,33229184.95731176,25182442.941852976,7930468.152212238,25298716.959302366,7930467.9980094,7673828.847592237,7443613.98216447,5758918.19787271,5453088.524990551,5779534.131072452,5472469.862183197,1278971.4745987062,1240602.3303607448
